{"R": 127.72364355687195, "G": 137.32252351820466, "B": 128.3813101891652}